{
	"class_name" : "PinholeCameraParameters",
	"extrinsic" : 
	[
		1.0,
		-0.0,
		-0.0,
		0.0,
		0.0,
		-1.0,
		-0.0,
		0.0,
		0.0,
		-0.0,
		-1.0,
		0.0,
		-50.428067853563832,
		5.8721585147932052,
		129.76724599397963,
		1.0
	],
	"intrinsic" : 
	{
		"height" : 1376,
		"intrinsic_matrix" : 
		[
			1191.6509556073877,
			0.0,
			0.0,
			0.0,
			1191.6509556073877,
			0.0,
			1243.5,
			687.5,
			1.0
		],
		"width" : 2488
	},
	"version_major" : 1,
	"version_minor" : 0
}